Tỉnh;Tổng số ca lây nhiễm;Số ca lây nhiễm mới;Tổng số ca tử vong;Ngày
Hồ Chí Minh;112215;2563;2105;08-06-2021
Bình Dương;22689;322;144;08-06-2021
Long An;8451;286;84;08-06-2021
Đồng Nai;6347;207;39;08-06-2021
Bắc Giang;5820;0;13;08-06-2021
Khánh Hòa;3214;53;81;08-06-2021
Đồng Tháp;2.96;0;24;08-06-2021
Tiền Giang;2770;253;75;08-06-2021
Tây Ninh;2377;0;1;08-06-2021
Hà Nội;2069;1;25;08-06-2021
Bà Rịa - Vũng Tàu;1853;77;42;08-06-2021
Đà Nẵng;1759;0;13;08-06-2021
Cần Thơ;1718;0;2;08-06-2021
Phú Yên;1595;27;0;08-06-2021
Bắc Ninh;1469;0;6;08-06-2021
Vĩnh Long;1155;63;16;08-06-2021
Bình Thuận;993;0;3;08-06-2021
Bến Tre;980;0;22;08-06-2021
Hải Dương;873;1;0;08-06-2021
An Giang;484;47;4;08-06-2021
Trà Vinh;455;34;3;08-06-2021
Kiên Giang;404;17;2;08-06-2021
Ninh Thuận;336;0;0;08-06-2021
Sóc Trăng;322;0;2;08-06-2021
Quảng Ngãi;318;19;0;08-06-2021
Bình Định;307;0;4;08-06-2021
Quảng Nam;300;0;0;08-06-2021
Đắk Lắk;292;0;2;08-06-2021
Hậu Giang;259;0;0;08-06-2021
Hưng Yên;256;0;1;08-06-2021
Nghệ An;254;0;0;08-06-2021
Bình Phước;251;0;0;08-06-2021
Vĩnh Phúc;251;0;1;08-06-2021
Gia Lai;205;5;1;08-06-2021
Hà Tĩnh;182;14;0;08-06-2021
Thanh Hóa;137;2;1;08-06-2021
Thừa Thiên Huế;135;4;0;08-06-2021
Đắk Nông;114;4;0;08-06-2021
Lạng Sơn;104;2;0;08-06-2021
Bạc Liêu;104;0;0;08-06-2021
Quảng Ninh;101;0;0;08-06-2021
Thái Bình;86;0;0;08-06-2021
Lâm Đồng;81;0;0;08-06-2021
Ninh Bình;73;0;0;08-06-2021
Hà Nam;61;0;0;08-06-2021
Quảng Bình;59;4;0;08-06-2021
Điện Biên;51;0;0;08-06-2021
Cà Mau;45;0;0;08-06-2021
Sơn La;40;0;0;08-06-2021
Lào Cai;38;0;0;08-06-2021
Hoà Bình;36;2;1;08-06-2021
Hải Phòng;31;0;0;08-06-2021
Quảng Trị;28;2;0;08-06-2021
Nam Định;24;0;0;08-06-2021
Hà Giang;22;0;0;08-06-2021
Kon Tum;20;0;0;08-06-2021
Thái Nguyên;19;0;0;08-06-2021
Phú Thọ;16;0;0;08-06-2021
Yên Bái;7;0;0;08-06-2021
Bắc Kạn;6;0;0;08-06-2021
Lai Châu;2;0;0;08-06-2021
Tuyên Quang;2;0;0;08-06-2021
Hồ Chí Minh;115548;1836;2324;08-07-2021
Bình Dương;24418;882;145;08-07-2021
Long An;9184;160;104;08-07-2021
Đồng Nai;7160;466;53;08-07-2021
Bắc Giang;5820;0;13;08-07-2021
Khánh Hòa;3313;11;81;08-07-2021
Đồng Tháp;3229;0;27;08-07-2021
Tiền Giang;2935;165;79;08-07-2021
Tây Ninh;2479;0;6;08-07-2021
Hà Nội;2184;0;29;08-07-2021
Bà Rịa - Vũng Tàu;1914;0;43;08-07-2021
Đà Nẵng;1818;100;2;08-07-2021
Cần Thơ;1759;0;14;08-07-2021
Bình Định;318;0;4;08-07-2021
Quảng Nam;300;0;0;08-07-2021
Đắk Lắk;292;0;4;08-07-2021
Hậu Giang;277;0;1;08-07-2021
Hưng Yên;276;0;0;08-07-2021
Nghệ An;266;0;0;08-07-2021
Bình Phước;256;0;0;08-07-2021
Vĩnh Phúc;253;0;1;08-07-2021
Gia Lai;213;0;2;08-07-2021
Hà Tĩnh;192;0;0;08-07-2021
Thanh Hóa;142;2;0;08-07-2021
Thừa Thiên Huế;137;0;1;08-07-2021
Đắk Nông;121;7;0;08-07-2021
Lạng Sơn;107;3;0;08-07-2021
Bạc Liêu;105;0;0;08-07-2021
Quảng Ninh;104;0;0;08-07-2021
Thái Bình;94;0;0;08-07-2021
Lâm Đồng;89;0;0;08-07-2021
Ninh Bình;73;0;0;08-07-2021
Hà Nam;71;2;0;08-07-2021
Quảng Bình;61;0;0;08-07-2021
Điện Biên;49;0;0;08-07-2021
Cà Mau;45;0;0;08-07-2021
Sơn La;44;20;0;08-07-2021
Lào Cai;40;0;0;08-07-2021
Hoà Bình;38;0;0;08-07-2021
Hải Phòng;37;0;0;08-07-2021
Quảng Trị;36;0;1;08-07-2021
Nam Định;31;0;0;08-07-2021
Hà Giang;23;0;0;08-07-2021
Kon Tum;20;0;0;08-07-2021
Thái Nguyên;19;0;0;08-07-2021
Phú Thọ;16;0;0;08-07-2021
Yên Bái;7;0;0;08-07-2021
Bắc Kạn;6;0;0;08-07-2021
Lai Châu;2;0;0;08-07-2021
Tuyên Quang;2;0;0;08-07-2021
Hồ Chí Minh;123891;2351;2744;08-09-2021
Bình Dương;29353;1725;176;08-09-2021
Long An;10402;287;111;08-09-2021
Đồng Nai;8200;183;34;08-09-2021
Bắc Giang;5820;0;12;08-09-2021
Khánh Hòa;3597;0;25;08-09-2021
Đồng Tháp;3472;18;77;08-09-2021
Tiền Giang;2935;0;54;08-09-2021
Tây Ninh;2770;157;6;08-09-2021
Hà Nội;2312;4;26;08-09-2021
Bà Rịa - Vũng Tàu;2183;177;1;08-09-2021
Đà Nẵng;2044;0;41;08-09-2021
Cần Thơ;1802;27;12;08-09-2021
Phú Yên;1762;31;0;08-09-2021
Bắc Ninh;1759;0;14;08-09-2021
Vĩnh Long;1331;57;17;08-09-2021
Bình Thuận;1166;0;4;08-09-2021
Bến Tre;1101;0;17;08-09-2021
Hải Dương;896;5;0;08-09-2021
An Giang;580;50;1;08-09-2021
Trà Vinh;550;0;4;08-09-2021
Kiên Giang;458;19;2;08-09-2021
Ninh Thuận;454;0;3;08-09-2021
Sóc Trăng;386;0;2;08-09-2021
Quảng Ngãi;362;0;0;08-09-2021

Bình Định;349;0;1;09-08-2021
Quảng Nam;334;0;4;09-08-2021
Đắk Lắk;317;0;1;09-08-2021
Hậu Giang;304;15;1;09-08-2021
Hưng Yên;302;0;0;09-08-2021
Nghệ An;277;0;1;09-08-2021
Bình Phước;263;0;0;09-08-2021
Vĩnh Phúc;254;0;1;09-08-2021
Gia Lai;227;14;0;09-08-2021
Hà Tĩnh;227;0;2;09-08-2021
Thanh Hóa;148;0;0;09-08-2021
Thừa Thiên Huế;145;17;0;09-08-2021
Đắk Nông;142;14;0;09-08-2021
Lạng Sơn;139;0;1;09-08-2021
Bạc Liêu;113;1;0;09-08-2021
Quảng Ninh;104;0;0;09-08-2021
Thái Bình;99;0;0;09-08-2021
Lâm Đồng;92;0;0;09-08-2021
Ninh Bình;91;0;0;09-08-2021
Hà Nam;74;0;0;09-08-2021
Quảng Bình;65;0;0;09-08-2021
Điện Biên;61;0;0;09-08-2021
Cà Mau;52;1;1;09-08-2021
Sơn La;47;1;0;09-08-2021
Lào Cai;45;1;0;09-08-2021
Hoà Bình;45;0;0;09-08-2021
Hải Phòng;38;0;0;09-08-2021
Quảng Trị;36;0;1;09-08-2021
Nam Định;31;0;0;09-08-2021
Hà Giang;24;0;0;09-08-2021
Kon Tum;20;0;0;09-08-2021
Thái Nguyên;19;0;0;09-08-2021
Phú Thọ;18;0;0;09-08-2021
Yên Bái;7;0;0;09-08-2021
Bắc Kạn;6;0;0;09-08-2021
Lai Châu;2;0;0;09-08-2021
Tuyên Quang;2;0;0;09-08-2021
Hồ Chí Minh;128024;2491;3013;10-08-2021
Bình Dương;31840;1325;176;10-08-2021
Long An;10715;313;114;10-08-2021
Đồng Nai;8909;354;72;10-08-2021
Bắc Giang;5821;0;12;10-08-2021
Khánh Hòa;3630;0;26;10-08-2021
Đồng Tháp;3546;13;79;10-08-2021
Tiền Giang;3286;100;93;10-08-2021
Tây Ninh;3009;106;7;10-08-2021
Hà Nội;2387;1;27;10-08-2021
Bà Rịa - Vũng Tàu;2357;109;1;10-08-2021
Đà Nẵng;2104;0;41;10-08-2021
Cần Thơ;1896;23;14;10-08-2021
Phú Yên;1828;13;0;10-08-2021
Bắc Ninh;1759;0;14;10-08-2021
Vĩnh Long;1383;52;19;10-08-2021
Bình Thuận;1200;0;4;10-08-2021
Bến Tre;1159;58;17;10-08-2021
Hải Dương;904;1;0;10-08-2021
An Giang;633;53;1;10-08-2021
Trà Vinh;565;0;4;10-08-2021
Ninh Thuận;486;32;3;10-08-2021
Kiên Giang;485;26;2;10-08-2021
Sóc Trăng;429;43;2;10-08-2021
Bình Định;394;0;3;10-08-2021
Quảng Ngãi;380;0;0;10-08-2021
Quảng Nam;345;0;4;10-08-2021
Đắk Lắk;339;19;1;10-08-2021
Hậu Giang;315;8;1;10-08-2021
Hưng Yên;302;0;0;10-08-2021
Nghệ An;289;0;1;10-08-2021
Bình Phước;268;0;0;10-08-2021
Vĩnh Phúc;254;0;1;10-08-2021
Hà Tĩnh;242;0;2;10-08-2021
Gia Lai;233;6;0;10-08-2021
Thừa Thiên Huế;155;0;0;10-08-2021
Thanh Hóa;148;0;0;10-08-2021
Đắk Nông;142;0;0;10-08-2021
Lạng Sơn;139;0;1;10-08-2021
Lâm Đồng;122;0;0;10-08-2021
Bạc Liêu;114;1;0;10-08-2021
Quảng Ninh;104;0;0;10-08-2021
Ninh Bình;101;0;0;10-08-2021
Thái Bình;101;0;0;10-08-2021
Hà Nam;74;0;0;10-08-2021
Quảng Bình;68;0;0;10-08-2021
Điện Biên;61;0;0;10-08-2021
Cà Mau;54;2;1;10-08-2021
Sơn La;47;0;0;10-08-2021
Lào Cai;45;0;0;10-08-2021
Hoà Bình;45;0;0;10-08-2021
Hải Phòng;38;0;0;10-08-2021
Quảng Trị;36;0;1;10-08-2021
Nam Định;31;0;0;10-08-2021
Hà Giang;24;0;0;10-08-2021
Kon Tum;20;0;0;10-08-2021
Thái Nguyên;19;0;0;10-08-2021
Phú Thọ;18;0;0;10-08-2021
Yên Bái;7;0;0;10-08-2021
Bắc Kạn;6;0;0;10-08-2021
Tuyên Quang;2;0;0;10-08-2021
Lai Châu;2;0;0;10-08-2021
Hồ Chí Minh;131618;2128;3321;11-08-2021
Bình Dương;32776;936;220;11-08-2021
Long An;11807;515;124;11-08-2021
Đồng Nai;9715;428;76;11-08-2021
Bắc Giang;5823;0;12;11-08-2021
Khánh Hòa;3671;41;27;11-08-2021
Đồng Tháp;3649;15;84;11-08-2021
Tiền Giang;3463;177;96;11-08-2021
Tây Ninh;3272;263;7;11-08-2021
Bà Rịa - Vũng Tàu;2459;102;1;11-08-2021
Hà Nội;2450;3;30;11-08-2021
Đà Nẵng;2178;0;42;11-08-2021
Cần Thơ;1979;0;18;11-08-2021
Phú Yên;1885;33;0;11-08-2021
Bắc Ninh;1759;0;14;11-08-2021
Vĩnh Long;1446;63;19;11-08-2021
Bình Thuận;1290;27;4;11-08-2021
Bến Tre;1208;0;19;11-08-2021
Hải Dương;911;0;0;11-08-2021
An Giang;633;0;1;11-08-2021
Trà Vinh;573;0;4;11-08-2021
Ninh Thuận;515;0;3;11-08-2021
Kiên Giang;500;12;3;11-08-2021
Sóc Trăng;450;0;4;11-08-2021
Nghệ An;419;2;1;11-08-2021
Bình Định;404;10;3;11-08-2021
Quảng Ngãi;400;9;0;11-08-2021
Đắk Lắk;375;0;1;11-08-2021
Quảng Nam;353;0;4;11-08-2021
Hậu Giang;326;0;1;11-08-2021
Hưng Yên;302;0;0;11-08-2021
Gia Lai;270;0;0;11-08-2021
Bình Phước;268;0;0;11-08-2021
Hà Tĩnh;264;7;2;11-08-2021
Vĩnh Phúc;254;0;1;11-08-2021
Thừa Thiên Huế;160;0;0;11-08-2021
Đắk Nông;159;0;0;11-08-2021
Thanh Hóa;148;0;0;11-08-2021
Lâm Đồng;140;0;0;11-08-2021
Lạng Sơn;140;1;1;11-08-2021
Bạc Liêu;117;0;0;11-08-2021
Thái Bình;105;0;0;11-08-2021
Quảng Ninh;104;0;0;11-08-2021
Ninh Bình;101;0;0;11-08-2021
Hà Nam;74;0;0;11-08-2021
Quảng Bình;69;0;0;11-08-2021
Sơn La;68;19;0;11-08-2021
Điện Biên;61;0;0;11-08-2021
Lào Cai;57;0;0;11-08-2021
Cà Mau;54;0;1;11-08-2021
Hoà Bình;45;0;0;11-08-2021
Hải Phòng;38;0;0;11-08-2021
Quảng Trị;36;0;1;11-08-2021
Nam Định;33;1;0;11-08-2021
Hà Giang;24;0;0;11-08-2021
Kon Tum;20;0;0;11-08-2021
Thái Nguyên;19;0;0;11-08-2021
Phú Thọ;18;0;0;11-08-2021
Yên Bái;7;0;0;11-08-2021
Bắc Kạn;6;0;0;11-08-2021
Lai Châu;2;0;0;11-08-2021
Tuyên Quang;2;0;0;08-11-2021
Hồ Chí Minh;132906;0;3582;08-12-2021
Bình Dương;33737;0;242;08-12-2021
Long An;12255;0;134;08-12-2021
Đồng Nai;10266;0;87;08-12-2021
Bắc Giang;5823;0;12;08-12-2021
Đồng Tháp;3825;0;94;08-12-2021
Khánh Hòa;3733;0;27;08-12-2021
Tiền Giang;3463;0;98;08-12-2021
Tây Ninh;3272;0;7;08-12-2021
Bà Rịa - Vũng Tàu;2538;0;2;08-12-2021
Hà Nội;2487;0;30;08-12-2021
Đà Nẵng;2234;0;43;08-12-2021
Cần Thơ;2082;0;42;08-12-2021
Phú Yên;1918;0;0;08-12-2021
Bắc Ninh;1759;0;14;08-12-2021
Vĩnh Long;1446;0;19;08-12-2021
Bình Thuận;1331;0;4;08-12-2021
Bến Tre;1208;0;19;08-12-2021
Hải Dương;915;0;0;08-12-2021
An Giang;675;0;1;08-12-2021
Trà Vinh;573;0;4;08-12-2021
Ninh Thuận;534;0;3;08-12-2021
Kiên Giang;500;0;3;08-12-2021
Sóc Trăng;450;0;4;08-12-2021
Nghệ An;433;0;1;08-12-2021
Quảng Ngãi;405;0;0;08-12-2021
Bình Định;404;0;3;08-12-2021
Đắk Lắk;375;0;1;08-12-2021
Quảng Nam;357;0;4;08-12-2021
Hậu Giang;326;0;1;08-12-2021
Hưng Yên;302;0;0;08-12-2021
Bình Phước;287;0;0;08-12-2021
Gia Lai;270;0;0;08-12-2021
Hà Tĩnh;266;0;2;08-12-2021
Vĩnh Phúc;254;0;1;08-12-2021
Thanh Hóa;161;0;0;08-12-2021
Thừa Thiên Huế;161;0;0;08-12-2021
Đắk Nông;159;0;0;08-12-2021
Lâm Đồng;140;0;0;08-12-2021
Lạng Sơn;140;0;1;08-12-2021
Bạc Liêu;119;0;0;08-12-2021
Thái Bình;105;0;0;08-12-2021
Quảng Ninh;104;0;0;08-12-2021
Ninh Bình;101;0;0;08-12-2021
Hà Nam;74;0;0;08-12-2021
Quảng Bình;69;0;0;08-12-2021
Sơn La;68;0;0;08-12-2021
Điện Biên;61;0;0;08-12-2021
Lào Cai;57;0;0;08-12-2021
Cà Mau;55;0;1;08-12-2021
Hoà Bình;45;0;0;08-12-2021
Hải Phòng;38;0;0;08-12-2021
Quảng Trị;37;0;1;08-12-2021
Nam Định;35;0;0;08-12-2021
Hà Giang;24;0;0;08-12-2021
Kon Tum;20;0;0;08-12-2021
Thái Nguyên;19;0;0;08-12-2021
Phú Thọ;18;0;0;08-12-2021
Yên Bái;7;0;0;08-12-2021
Bắc Kạn;6;0;0;08-12-2021
Tuyên Quang;2;0;0;08-12-2021
Lai Châu;2;0;0;08-12-2021
Hồ Chí Minh;136756;0;3807;08-13-2021
Bình Dương;36765;0;284;08-13-2021
Long An;12609;0;140;08-13-2021
Đồng Nai;11340;0;87;08-13-2021
Bắc Giang;5823;0;12;08-13-2021
Đồng Tháp;3957;0;94;08-13-2021
Khánh Hòa;3906;0;26;08-13-2021
Tiền Giang;3675;0;122;08-13-2021
Tây Ninh;3351;0;7;08-13-2021
Hà Nội;2565;0;30;08-13-2021
Bà Rịa - Vũng Tàu;2538;0;21;08-13-2021
Đà Nẵng;2312;0;45;08-13-2021
Cần Thơ;2210;0;42;08-13-2021
Phú Yên;1964;0;0;08-13-2021
Bắc Ninh;1759;0;15;08-13-2021
Vĩnh Long;1446;0;22;08-13-2021
Bình Thuận;1363;0;6;08-13-2021
Bến Tre;1242;0;22;08-13-2021
Hải Dương;916;0;0;08-13-2021
An Giang;691;0;1;08-13-2021
Trà Vinh;664;0;4;08-13-2021
Ninh Thuận;558;0;3;08-13-2021
Kiên Giang;523;0;3;08-13-2021
Sóc Trăng;470;0;4;08-13-2021
Nghệ An;447;0;1;08-13-2021
Bình Định;424;0;3;08-13-2021
Quảng Ngãi;421;0;0;08-13-2021
Đắk Lắk;405;0;1;08-13-2021
Quảng Nam;359;0;4;08-13-2021
Hậu Giang;340;0;1;08-13-2021
Hưng Yên;303;0;0;08-13-2021
Bình Phước;293;0;0;08-13-2021
Gia Lai;279;0;0;08-13-2021
Hà Tĩnh;274;0;2;08-13-2021
Vĩnh Phúc;254;0;1;08-13-2021
Thừa Thiên Huế;181;0;0;08-13-2021
Thanh Hóa;167;0;0;08-13-2021
Đắk Nông;165;0;0;08-13-2021
Lâm Đồng;162;0;0;08-13-2021
Lạng Sơn;140;0;1;08-13-2021
Bạc Liêu;122;0;0;08-13-2021
Thái Bình;111;0;0;08-13-2021
Quảng Ninh;104;0;0;08-13-2021
Ninh Bình;102;0;0;08-13-2021
Quảng Bình;74;0;0;08-13-2021
Hà Nam;74;0;0;08-13-2021
Sơn La;68;0;0;08-13-2021
Điện Biên;61;0;0;08-13-2021
Lào Cai;58;0;0;08-13-2021
Cà Mau;56;0;1;08-13-2021
Hoà Bình;45;0;0;08-13-2021
Hải Phòng;38;0;0;08-13-2021
Quảng Trị;37;0;1;08-13-2021
Nam Định;37;0;0;08-13-2021
Hà Giang;24;0;0;08-13-2021
Kon Tum;21;0;0;08-13-2021
Thái Nguyên;19;0;0;08-13-2021
Phú Thọ;18;0;0;08-13-2021
Yên Bái;7;0;0;08-13-2021
Bắc Kạn;6;0;0;08-13-2021
Lai Châu;2;0;0;08-13-2021
Tuyên Quang;2;0;0;08-13-2021
Hồ Chí Minh;140288;0;4030;08-14-2021
Bình Dương;39581;0;309;08-14-2021
Long An;13232;0;143;08-14-2021
Đồng Nai;12148;0;90;08-14-2021
Bắc Giang;5823;0;12;08-14-2021
Khánh Hòa;4149;0;28;08-14-2021
Đồng Tháp;4109;0;98;08-14-2021
Tiền Giang;3675;0;129;08-14-2021
Tây Ninh;3412;0;7;08-14-2021
Hà Nội;2662;0;30;08-14-2021
Bà Rịa - Vũng Tàu;2607;0;21;08-14-2021
Đà Nẵng;2370;0;45;08-14-2021
Cần Thơ;2352;0;43;08-14-2021
Phú Yên;2028;0;0;08-14-2021
Bắc Ninh;1759;0;15;08-14-2021
Vĩnh Long;1517;0;22;08-14-2021
Bình Thuận;1391;0;9;08-14-2021
Bến Tre;1242;0;26;08-14-2021
Hải Dương;920;0;0;08-14-2021
Trà Vinh;804;0;4;08-14-2021
An Giang;752;0;1;08-14-2021
Ninh Thuận;565;0;3;08-14-2021
Kiên Giang;531;0;3;08-14-2021
Sóc Trăng;470;0;4;08-14-2021
Nghệ An;461;0;1;08-14-2021
Bình Định;436;0;3;08-14-2021
Quảng Ngãi;431;0;0;08-14-2021
Đắk Lắk;412;0;1;08-14-2021
Quảng Nam;363;0;4;08-14-2021
Hậu Giang;343;0;1;08-14-2021
Hưng Yên;325;0;0;08-14-2021
Bình Phước;300;0;0;08-14-2021
Gia Lai;297;0;0;08-14-2021
Hà Tĩnh;289;0;2;08-14-2021
Vĩnh Phúc;254;0;1;08-14-2021
Thừa Thiên Huế;212;0;0;08-14-2021
Đắk Nông;181;0;0;08-14-2021
Thanh Hóa;171;0;0;08-14-2021
Lâm Đồng;164;0;0;08-14-2021
Lạng Sơn;144;0;1;08-14-2021
Bạc Liêu;127;0;0;08-14-2021
Thái Bình;111;0;0;08-14-2021
Quảng Ninh;104;0;0;08-14-2021
Ninh Bình;102;0;0;08-14-2021
Quảng Bình;78;0;0;08-14-2021
Hà Nam;74;0;0;08-14-2021
Sơn La;68;0;0;08-14-2021
Điện Biên;61;0;0;08-14-2021
Lào Cai;59;0;0;08-14-2021
Cà Mau;57;0;1;08-14-2021
Hoà Bình;45;0;0;08-14-2021
Quảng Trị;45;0;1;08-14-2021
Nam Định;38;0;0;08-14-2021
Hải Phòng;38;0;0;08-14-2021
Hà Giang;24;0;0;08-14-2021
Kon Tum;21;0;0;08-14-2021
Thái Nguyên;19;0;0;08-14-2021
Phú Thọ;18;0;0;08-14-2021
Yên Bái;7;0;0;08-14-2021
Bắc Kạn;6;0;0;08-14-2021
Lai Châu;2;0;0;08-14-2021
Tuyên Quang;2;0;0;08-14-2021
Hồ Chí Minh;144519;0;4.315;08-15-2021
Bình Dương;41610;0;341;08-15-2021
Long An;13885;0;153;08-15-2021
Đồng Nai;13171;0;93;08-15-2021
Bắc Giang;5823;0;12;08-15-2021
Khánh Hòa;4313;0;29;08-15-2021
Đồng Tháp;4229;0;98;08-15-2021
Tiền Giang;4136;0;134;08-15-2021
Tây Ninh;3509;0;7;08-15-2021
Hà Nội;2702;0;31;08-15-2021
Bà Rịa - Vũng Tàu;2686;0;21;08-15-2021
Cần Thơ;2516;0;45;08-15-2021
Đà Nẵng;2457;0;48;08-15-2021
Phú Yên;2068;0;0;08-15-2021
Bắc Ninh;1760;0;15;08-15-2021
Vĩnh Long;1574;0;23;08-15-2021
Bình Thuận;1427;0;10;08-15-2021
Bến Tre;1282;0;27;08-15-2021
Hải Dương;923;0;0;08-15-2021
Trà Vinh;820;0;5;08-15-2021
An Giang;787;0;1;08-15-2021
Ninh Thuận;587;0;3;08-15-2021
Kiên Giang;563;0;4;08-15-2021
Nghệ An;473;0;1;08-15-2021
Sóc Trăng;470;0;5;08-15-2021
Quảng Ngãi;466;0;0;08-15-2021
Bình Định;459;0;3;08-15-2021
Đắk Lắk;438;0;1;08-15-2021
Gia Lai;367;0;0;08-15-2021
Quảng Nam;363;0;4;08-15-2021
Hậu Giang;343;0;2;08-15-2021
Hưng Yên;325;0;0;08-15-2021
Bình Phước;305;0;0;08-15-2021
Hà Tĩnh;289;0;2;08-15-2021
Thừa Thiên Huế;269;0;0;08-15-2021
Vĩnh Phúc;254;0;1;08-15-2021
Đắk Nông;181;0;0;08-15-2021
Lâm Đồng;178;0;0;08-15-2021
Thanh Hóa;174;0;0;08-15-2021
Lạng Sơn;146;0;1;08-15-2021
Bạc Liêu;130;0;0;08-15-2021
Thái Bình;113;0;0;08-15-2021
Quảng Ninh;104;0;0;08-15-2021
Ninh Bình;102;0;0;08-15-2021
Sơn La;85;0;0;08-15-2021
Quảng Bình;79;0;0;08-15-2021
Hà Nam;74;0;0;08-15-2021
Lào Cai;61;0;0;08-15-2021
Điện Biên;61;0;0;08-15-2021
Cà Mau;59;0;1;08-15-2021
Quảng Trị;49;0;1;08-15-2021
Nam Định;46;0;0;08-15-2021
Hoà Bình;45;0;0;08-15-2021
Hải Phòng;38;0;0;08-15-2021
Hà Giang;24;0;0;08-15-2021
Kon Tum;21;0;0;08-15-2021
Thái Nguyên;19;0;0;08-15-2021
Phú Thọ;18;0;0;08-15-2021
Yên Bái;7;0;0;08-15-2021
Bắc Kạn;6;0;0;08-15-2021
Tuyên Quang;2;0;0;08-15-2021
Lai Châu;2;0;0;08-15-2021
Hồ Chí Minh;149035;0;4597;08-16-2021
Bình Dương;43968;0;361;08-16-2021
Long An;14399;0;162;08-16-2021
Đồng Nai;13717;0;98;08-16-2021
Bắc Giang;5824;0;12;08-16-2021
Đồng Tháp;4500;0;100;08-16-2021
Khánh Hòa;4479;0;30;08-16-2021
Tiền Giang;4345;0;140;08-16-2021
Tây Ninh;3668;0;7;08-16-2021
Hà Nội;2741;0;31;08-16-2021
Bà Rịa - Vũng Tàu;2702;0;24;08-16-2021
Cần Thơ;2686;0;46;08-16-2021
Đà Nẵng;2540;0;48;08-16-2021
Phú Yên;2095;0;0;08-16-2021
Bắc Ninh;1781;0;15;08-16-2021
Vĩnh Long;1574;0;23;08-16-2021
Bình Thuận;1466;0;10;08-16-2021
Bến Tre;1342;0;28;08-16-2021
Hải Dương;928;0;0;08-16-2021
An Giang;821;0;1;08-16-2021
Trà Vinh;820;0;7;08-16-2021
Ninh Thuận;609;0;3;08-16-2021
Kiên Giang;582;0;4;08-16-2021
Sóc Trăng;552;0;7;08-16-2021
Quảng Ngãi;500;0;0;08-16-2021
Nghệ An;500;0;1;08-16-2021
Bình Định;481;0;3;08-16-2021
Đắk Lắk;438;0;1;08-16-2021
Quảng Nam;389;0;5;08-16-2021
Gia Lai;375;0;0;08-16-2021
Hậu Giang;353;0;2;08-16-2021
Hưng Yên;326;0;0;08-16-2021
Bình Phước;309;0;1;08-16-2021
Hà Tĩnh;303;0;2;08-16-2021
Thừa Thiên Huế;277;0;0;08-16-2021
Vĩnh Phúc;254;0;1;08-16-2021
Đắk Nông;194;0;0;08-16-2021
Lâm Đồng;189;0;0;08-16-2021
Thanh Hóa;176;0;0;08-16-2021
Lạng Sơn;146;0;1;08-16-2021
Bạc Liêu;130;0;0;08-16-2021
Thái Bình;115;0;0;08-16-2021
Quảng Ninh;104;0;0;08-16-2021
Ninh Bình;103;0;0;08-16-2021
Sơn La;85;0;0;08-16-2021
Quảng Bình;81;0;0;08-16-2021
Lào Cai;79;0;0;08-16-2021
Hà Nam;74;0;0;08-16-2021
Cà Mau;65;0;1;08-16-2021
Điện Biên;61;0;0;08-16-2021
Quảng Trị;57;0;1;08-16-2021
Nam Định;46;0;0;08-16-2021
Hoà Bình;45;0;0;08-16-2021
Hải Phòng;38;0;0;08-16-2021
Hà Giang;24;0;0;08-16-2021
Kon Tum;21;0;0;08-16-2021
Thái Nguyên;19;0;0;08-16-2021
Phú Thọ;18;0;0;08-16-2021
Yên Bái;7;0;0;08-16-2021
Bắc Kạn;6;0;0;08-16-2021
Tuyên Quang;2;0;0;08-16-2021
Lai Châu;2;0;0;08-16-2021
Hồ Chí Minh;152376;0;4912;08-17-2021
Bình Dương;46490;0;390;08-17-2021
Long An;14998;0;170;08-17-2021
Đồng Nai;14305;0;99;08-17-2021
Bắc Giang;5824;0;12;08-17-2021
Khánh Hòa;4741;0;31;08-17-2021
Đồng Tháp;4658;0;101;08-17-2021
Tiền Giang;4497;0;144;08-17-2021
Tây Ninh;3720;0;8;08-17-2021
Hà Nội;2791;0;33;08-17-2021
Cần Thơ;2772;0;46;08-17-2021
Bà Rịa - Vũng Tàu;2702;0;24;08-17-2021
Đà Nẵng;2636;0;48;08-17-2021
Phú Yên;2157;0;0;08-17-2021
Bắc Ninh;1792;0;15;08-17-2021
Vĩnh Long;1705;0;23;08-17-2021
Bình Thuận;1499;0;11;08-17-2021
Bến Tre;1342;0;28;08-17-2021
Hải Dương;929;0;0;08-17-2021
An Giang;908;0;1;08-17-2021
Trà Vinh;891;0;7;08-17-2021
Ninh Thuận;636;0;3;08-17-2021
Sóc Trăng;627;0;8;08-17-2021
Kiên Giang;614;0;4;08-17-2021
Nghệ An;524;0;1;08-17-2021
Quảng Ngãi;504;0;0;08-17-2021
Bình Định;484;0;4;08-17-2021
Đắk Lắk;449;0;2;08-17-2021
Gia Lai;400;0;0;08-17-2021
Quảng Nam;400;0;5;08-17-2021
Hậu Giang;359;0;2;08-17-2021
Thừa Thiên Huế;337;0;1;08-17-2021
Hưng Yên;326;0;1;08-17-2021
Hà Tĩnh;320;0;2;08-17-2021
Bình Phước;315;0;1;08-17-2021
Vĩnh Phúc;254;0;1;08-17-2021
Lâm Đồng;197;0;0;08-17-2021
Đắk Nông;194;0;0;08-17-2021
Thanh Hóa;182;0;0;08-17-2021
Lạng Sơn;150;0;1;08-17-2021
Bạc Liêu;132;0;0;08-17-2021
Thái Bình;115;0;0;08-17-2021
Ninh Bình;106;0;0;08-17-2021
Quảng Ninh;104;0;0;08-17-2021
Sơn La;87;0;0;08-17-2021
Quảng Bình;83;0;0;08-17-2021
Lào Cai;81;0;0;08-17-2021
Hà Nam;75;0;0;08-17-2021
Cà Mau;69;0;1;08-17-2021
Điện Biên;61;0;0;08-17-2021
Quảng Trị;57;0;1;08-17-2021
Nam Định;52;0;0;08-17-2021
Hoà Bình;45;0;0;08-17-2021
Hải Phòng;38;0;0;08-17-2021
Hà Giang;24;0;0;08-17-2021
Kon Tum;21;0;0;08-17-2021
Thái Nguyên;20;0;0;08-17-2021
Phú Thọ;18;0;0;08-17-2021
Yên Bái;7;0;0;08-17-2021
Bắc Kạn;6;0;0;08-17-2021
Tuyên Quang;2;0;0;08-17-2021
Lai Châu;2;0;0;08-17-2021
Hồ Chí Minh;155941;0;5197;08-18-2021
Bình Dương;49822;0;402;08-18-2021
Long An;15579;0;179;08-18-2021
Đồng Nai;14603;0;105;08-18-2021
Bắc Giang;5824;0;12;08-18-2021
Tiền Giang;4908;0;151;08-18-2021
Khánh Hòa;4880;0;32;08-18-2021
Đồng Tháp;4829;0;104;08-18-2021
Tây Ninh;3808;0;8;08-18-2021
Cần Thơ;2944;0;50;08-18-2021
Hà Nội;2852;0;33;08-18-2021
Bà Rịa - Vũng Tàu;2782;0;24;08-18-2021
Đà Nẵng;2760;0;48;08-18-2021
Phú Yên;2228;0;0;08-18-2021
Bắc Ninh;1814;0;15;08-18-2021
Vĩnh Long;1781;0;24;08-18-2021
Bình Thuận;1554;0;12;08-18-2021
Bến Tre;1352;0;29;08-18-2021
Trà Vinh;970;0;7;08-18-2021
An Giang;941;0;1;08-18-2021
Hải Dương;929;0;0;08-18-2021
Sóc Trăng;671;0;8;08-18-2021
Ninh Thuận;647;0;3;08-18-2021
Kiên Giang;645;0;4;08-18-2021
Nghệ An;540;0;1;08-18-2021
Quảng Ngãi;509;0;0;08-18-2021
Bình Định;496;0;5;08-18-2021
Đắk Lắk;473;0;2;08-18-2021
Gia Lai;426;0;0;08-18-2021
Quảng Nam;411;0;5;08-18-2021
Hậu Giang;359;0;2;08-18-2021
Hà Tĩnh;339;0;2;08-18-2021
Thừa Thiên Huế;338;0;1;08-18-2021
Hưng Yên;326;0;1;08-18-2021
Bình Phước;318;0;1;08-18-2021
Vĩnh Phúc;254;0;1;08-18-2021
Lâm Đồng;200;0;0;08-18-2021
Đắk Nông;194;0;0;08-18-2021
Thanh Hóa;194;0;0;08-18-2021
Lạng Sơn;153;0;1;08-18-2021
Bạc Liêu;135;0;0;08-18-2021
Thái Bình;116;0;0;08-18-2021
Ninh Bình;106;0;0;08-18-2021
Quảng Ninh;104;0;0;08-18-2021
Sơn La;87;0;0;08-18-2021
Lào Cai;85;0;0;08-18-2021
Quảng Bình;83;0;0;08-18-2021
Hà Nam;75;0;0;08-18-2021
Cà Mau;71;0;1;08-18-2021
Quảng Trị;62;0;1;08-18-2021
Điện Biên;61;0;0;08-18-2021
Nam Định;52;0;0;08-18-2021
Hoà Bình;45;0;0;08-18-2021
Hải Phòng;38;0;0;08-18-2021
Hà Giang;24;0;0;08-18-2021
Kon Tum;21;0;0;08-18-2021
Thái Nguyên;21;0;0;08-18-2021
Phú Thọ;18;0;0;08-18-2021
Yên Bái;7;0;0;08-18-2021
Bắc Kạn;6;0;0;08-18-2021
Tuyên Quang;2;0;0;08-18-2021
Lai Châu;2;0;0;08-18-2021
Cao Bằng;0;0;0;08-18-2021
Hồ Chí Minh;159674;0;5452;08-19-2021
Bình Dương;52335;0;422;08-19-2021
Long An;16007;0;190;08-19-2021
Đồng Nai;15046;0;106;08-19-2021
Bắc Giang;5824;0;13;08-19-2021
Tiền Giang;5190;0;151;08-19-2021
Khánh Hòa;4966;0;32;08-19-2021
Đồng Tháp;4860;0;105;08-19-2021
Tây Ninh;3912;0;8;08-19-2021
Cần Thơ;3035;0;52;08-19-2021
Hà Nội;2900;0;33;08-19-2021
Đà Nẵng;2894;0;49;08-19-2021
Bà Rịa - Vũng Tàu;2782;0;24;08-19-2021
Phú Yên;2293;0;0;08-19-2021
Vĩnh Long;1842;0;26;08-19-2021
Bắc Ninh;1821;0;15;08-19-2021
Bình Thuận;1574;0;13;08-19-2021
Bến Tre;1424;0;31;08-19-2021
An Giang;1046;0;1;08-19-2021
Trà Vinh;970;0;7;08-19-2021
Hải Dương;929;0;0;08-19-2021
Kiên Giang;814;0;5;08-19-2021
Sóc Trăng;671;0;8;08-19-2021
Ninh Thuận;655;0;3;08-19-2021
Nghệ An;599;0;1;08-19-2021
Quảng Ngãi;518;0;0;08-19-2021
Bình Định;511;0;5;08-19-2021
Đắk Lắk;478;0;2;08-19-2021
Quảng Nam;464;0;5;08-19-2021
Gia Lai;433;0;0;08-19-2021
Hậu Giang;375;0;2;08-19-2021
Thừa Thiên Huế;355;0;1;08-19-2021
Hà Tĩnh;347;0;2;08-19-2021
Hưng Yên;330;0;1;08-19-2021
Bình Phước;318;0;1;08-19-2021
Vĩnh Phúc;255;0;1;08-19-2021
Đắk Nông;207;0;0;08-19-2021
Lâm Đồng;206;0;0;08-19-2021
Thanh Hóa;200;0;0;08-19-2021
Lạng Sơn;154;0;1;08-19-2021
Bạc Liêu;136;0;0;08-19-2021
Thái Bình;117;0;0;08-19-2021
Quảng Ninh;107;0;0;08-19-2021
Ninh Bình;107;0;0;08-19-2021
Quảng Bình;91;0;0;08-19-2021
Lào Cai;89;0;0;08-19-2021
Sơn La;89;0;0;08-19-2021
Hà Nam;75;0;0;08-19-2021
Quảng Trị;74;0;1;08-19-2021
Cà Mau;73;0;1;08-19-2021
Điện Biên;62;0;0;08-19-2021
Nam Định;52;0;0;08-19-2021
Hoà Bình;45;0;0;08-19-2021
Hải Phòng;38;0;0;08-19-2021
Hà Giang;24;0;0;08-19-2021
Kon Tum;21;0;0;08-19-2021
Thái Nguyên;21;0;0;08-19-2021
Phú Thọ;18;0;0;08-19-2021
Yên Bái;7;0;0;08-19-2021
Bắc Kạn;7;0;0;08-19-2021
Tuyên Quang;2;0;0;08-19-2021
Lai Châu;2;0;0;08-19-2021
Cao Bằng;0;0;0;08-19-2021
Hồ Chí Minh;164099;0;5759;08-20-2021
Bình Dương;55590;0;467;08-20-2021
Long An;16552;0;207;08-20-2021
Đồng Nai;15703;0;106;08-20-2021
Bắc Giang;5831;0;13;08-20-2021
Tiền Giang;5668;0;153;08-20-2021
Khánh Hòa;5121;0;32;08-20-2021
Đồng Tháp;5045;0;105;08-20-2021
Tây Ninh;4015;0;8;08-20-2021
Cần Thơ;3169;0;55;08-20-2021
Đà Nẵng;3058;0;49;08-20-2021
Hà Nội;2953;0;33;08-20-2021
Bà Rịa - Vũng Tàu;2782;0;24;08-20-2021
Phú Yên;2337;0;0;08-20-2021
Vĩnh Long;1902;0;28;08-20-2021
Bắc Ninh;1825;0;15;08-20-2021
Bình Thuận;1617;0;15;08-20-2021
Bến Tre;1424;0;33;08-20-2021
An Giang;1116;0;1;08-20-2021
Trà Vinh;1021;0;7;08-20-2021
Hải Dương;931;0;0;08-20-2021
Kiên Giang;831;0;5;08-20-2021
Sóc Trăng;671;0;8;08-20-2021
Ninh Thuận;662;0;3;08-20-2021
Nghệ An;644;0;1;08-20-2021
Bình Định;535;0;5;08-20-2021
Quảng Ngãi;534;0;0;08-20-2021
Quảng Nam;488;0;5;08-20-2021
Đắk Lắk;478;0;2;08-20-2021
Gia Lai;433;0;0;08-20-2021
Hậu Giang;381;0;2;08-20-2021
Thừa Thiên Huế;355;0;1;08-20-2021
Hà Tĩnh;354;0;2;08-20-2021
Hưng Yên;330;0;1;08-20-2021
Bình Phước;326;0;1;08-20-2021
Vĩnh Phúc;255;0;1;08-20-2021
Đắk Nông;207;0;0;08-20-2021
Thanh Hóa;206;0;0;08-20-2021
Lâm Đồng;206;0;0;08-20-2021
Lạng Sơn;155;0;1;08-20-2021
Bạc Liêu;138;0;0;08-20-2021
Thái Bình;118;0;0;08-20-2021
Sơn La;115;0;0;08-20-2021
Ninh Bình;109;0;0;08-20-2021
Quảng Ninh;107;0;0;08-20-2021
Quảng Bình;95;0;0;08-20-2021
Lào Cai;89;0;0;08-20-2021
Quảng Trị;83;0;1;08-20-2021
Hà Nam;75;0;0;08-20-2021
Cà Mau;73;0;1;08-20-2021
Điện Biên;62;0;0;08-20-2021
Nam Định;56;0;0;08-20-2021
Hải Phòng;48;0;0;08-20-2021
Hoà Bình;45;0;0;08-20-2021
Hà Giang;24;0;0;08-20-2021
Thái Nguyên;21;0;0;08-20-2021
Kon Tum;21;0;0;08-20-2021
Phú Thọ;18;0;0;08-20-2021
Yên Bái;7;0;0;08-20-2021
Bắc Kạn;7;0;0;08-20-2021
Tuyên Quang;2;0;0;08-20-2021
Lai Châu;2;0;0;08-20-2021
Cao Bằng;0;0;0;08-20-2021
Hồ Chí Minh;167476;0;6071;08-21-2021
Bình Dương;59813;0;508;08-21-2021
Long An;17047;0;215;08-21-2021
Đồng Nai;16389;0;113;08-21-2021
Tiền Giang;6035;0;160;08-21-2021
Bắc Giang;5849;0;13;08-21-2021
Khánh Hòa;5268;0;35;08-21-2021
Đồng Tháp;5201;0;105;08-21-2021
Tây Ninh;4137;0;8;08-21-2021
Cần Thơ;3316;0;57;08-21-2021
Đà Nẵng;3225;0;49;08-21-2021
Hà Nội;3025;0;34;08-21-2021
Bà Rịa - Vũng Tàu;2839;0;25;08-21-2021
Phú Yên;2364;0;0;08-21-2021
Vĩnh Long;1925;0;28;08-21-2021
Bắc Ninh;1835;0;15;08-21-2021
Bình Thuận;1646;0;16;08-21-2021
Bến Tre;1483;0;34;08-21-2021
An Giang;1227;0;1;08-21-2021
Trà Vinh;1068;0;8;08-21-2021
Hải Dương;931;0;1;08-21-2021
Kiên Giang;845;0;5;08-21-2021
Nghệ An;705;0;1;08-21-2021
Sóc Trăng;671;0;11;08-21-2021
Ninh Thuận;666;0;3;08-21-2021
Bình Định;549;0;5;08-21-2021
Quảng Ngãi;543;0;0;08-21-2021
Đắk Lắk;534;0;2;08-21-2021
Quảng Nam;505;0;5;08-21-2021
Gia Lai;443;0;0;08-21-2021
Thừa Thiên Huế;416;0;1;08-21-2021
Hậu Giang;381;0;2;08-21-2021
Hà Tĩnh;369;0;2;08-21-2021
Bình Phước;337;0;1;08-21-2021
Hưng Yên;331;0;1;08-21-2021
Vĩnh Phúc;255;0;1;08-21-2021
Lâm Đồng;210;0;0;08-21-2021
Thanh Hóa;209;0;0;08-21-2021
Đắk Nông;207;0;0;08-21-2021
Lạng Sơn;162;0;1;08-21-2021
Bạc Liêu;142;0;0;08-21-2021
Thái Bình;118;0;0;08-21-2021
Sơn La;117;0;0;08-21-2021
Ninh Bình;111;0;0;08-21-2021
Quảng Ninh;107;0;0;08-21-2021
Quảng Bình;102;0;0;08-21-2021
Lào Cai;90;0;0;08-21-2021
Quảng Trị;84;0;1;08-21-2021
Cà Mau;80;0;1;08-21-2021
Hà Nam;76;0;0;08-21-2021
Điện Biên;62;0;0;08-21-2021
Nam Định;56;0;1;08-21-2021
Hải Phòng;53;0;0;08-21-2021
Hoà Bình;45;0;0;08-21-2021
Hà Giang;24;0;0;08-21-2021
Thái Nguyên;21;0;0;08-21-2021
Kon Tum;21;0;0;08-21-2021
Phú Thọ;18;0;0;08-21-2021
Yên Bái;7;0;0;08-21-2021
Bắc Kạn;7;0;0;08-21-2021
Tuyên Quang;2;0;0;08-21-2021
Lai Châu;2;0;0;08-21-2021
Cao Bằng;0;0;0;08-21-2021
Hồ Chí Minh;171581;0;6071;08-22-2021
Bình Dương;66436;0;508;08-22-2021
Long An;17440;0;215;08-22-2021
Đồng Nai;16940;0;113;08-22-2021
Tiền Giang;6624;0;160;08-22-2021
Bắc Giang;5851;0;13;08-22-2021
Khánh Hòa;5344;0;35;08-22-2021
Đồng Tháp;5310;0;105;08-22-2021
Tây Ninh;4220;0;8;08-22-2021
Đà Nẵng;3422;0;49;08-22-2021
Cần Thơ;3416;0;57;08-22-2021
Hà Nội;3101;0;34;08-22-2021
Bà Rịa - Vũng Tàu;2896;0;25;08-22-2021
Phú Yên;2409;0;0;08-22-2021
Vĩnh Long;1925;0;28;08-22-2021
Bắc Ninh;1838;0;15;08-22-2021
Bình Thuận;1689;0;16;08-22-2021
Bến Tre;1525;0;34;08-22-2021
An Giang;1299;0;1;08-22-2021
Trà Vinh;1092;0;8;08-22-2021
Hải Dương;932;0;1;08-22-2021
Kiên Giang;888;0;5;08-22-2021
Nghệ An;765;0;1;08-22-2021
Sóc Trăng;671;0;11;08-22-2021
Ninh Thuận;670;0;3;08-22-2021
Đắk Lắk;566;0;2;08-22-2021
Bình Định;549;0;5;08-22-2021
Quảng Ngãi;546;0;0;08-22-2021
Quảng Nam;537;0;5;08-22-2021
Gia Lai;454;0;0;08-22-2021
Thừa Thiên Huế;422;0;1;08-22-2021
Hậu Giang;393;0;2;08-22-2021
Hà Tĩnh;372;0;2;08-22-2021
Bình Phước;345;0;1;08-22-2021
Hưng Yên;331;0;1;08-22-2021
Vĩnh Phúc;255;0;1;08-22-2021
Lâm Đồng;220;0;0;08-22-2021
Thanh Hóa;212;0;0;08-22-2021
Đắk Nông;207;0;0;08-22-2021
Lạng Sơn;169;0;1;08-22-2021
Bạc Liêu;142;0;0;08-22-2021
Thái Bình;118;0;0;08-22-2021
Sơn La;117;0;0;08-22-2021
Ninh Bình;113;0;0;08-22-2021
Quảng Ninh;107;0;0;08-22-2021
Quảng Bình;106;0;0;08-22-2021
Lào Cai;90;0;0;08-22-2021
Cà Mau;86;0;1;08-22-2021
Quảng Trị;84;0;1;08-22-2021
Hà Nam;76;0;0;08-22-2021
Điện Biên;62;0;0;08-22-2021
Nam Định;57;0;1;08-22-2021
Hải Phòng;53;0;0;08-22-2021
Hoà Bình;45;0;0;08-22-2021
Hà Giang;24;0;0;08-22-2021
Thái Nguyên;21;0;0;08-22-2021
Kon Tum;21;0;0;08-22-2021
Phú Thọ;19;0;0;08-22-2021
Yên Bái;7;0;0;08-22-2021
Bắc Kạn;7;0;0;08-22-2021
Lai Châu;2;0;0;08-22-2021
Tuyên Quang;2;0;0;08-22-2021
Cao Bằng;0;0;0;08-22-2021
Hồ Chí Minh;175994;0;6670;08-23-2021
Bình Dương;70242;0;570;08-23-2021
Long An;17805;0;219;08-23-2021
Đồng Nai;17688;0;138;08-23-2021
Tiền Giang;7284;0;182;08-23-2021
Bắc Giang;5857;0;13;08-23-2021
Khánh Hòa;5504;0;35;08-23-2021
Đồng Tháp;5452;0;116;08-23-2021
Tây Ninh;4303;0;8;08-23-2021
Đà Nẵng;3605;0;49;08-23-2021
Cần Thơ;3513;0;61;08-23-2021
Hà Nội;3112;0;36;08-23-2021
Bà Rịa - Vũng Tàu;3003;0;26;08-23-2021
Phú Yên;2447;0;0;08-23-2021
Vĩnh Long;1974;0;29;08-23-2021
Bắc Ninh;1849;0;15;08-23-2021
Bình Thuận;1736;0;16;08-23-2021
Bến Tre;1525;0;36;08-23-2021
An Giang;1368;0;1;08-23-2021
Trà Vinh;1131;0;8;08-23-2021
Hải Dương;932;0;1;08-23-2021
Kiên Giang;903;0;6;08-23-2021
Nghệ An;833;0;1;08-23-2021
Sóc Trăng;809;0;12;08-23-2021
Ninh Thuận;675;0;3;08-23-2021
Bình Định;569;0;5;08-23-2021
Đắk Lắk;566;0;2;08-23-2021
Quảng Nam;553;0;5;08-23-2021
Quảng Ngãi;549;0;0;08-23-2021
Gia Lai;464;0;0;08-23-2021
Thừa Thiên Huế;422;0;2;08-23-2021
Hậu Giang;400;0;2;08-23-2021
Hà Tĩnh;392;0;3;08-23-2021
Bình Phước;345;0;1;08-23-2021
Hưng Yên;331;0;1;08-23-2021
Vĩnh Phúc;255;0;1;08-23-2021
Đắk Nông;246;0;0;08-23-2021
Lâm Đồng;220;0;0;08-23-2021
Thanh Hóa;212;0;0;08-23-2021
Lạng Sơn;174;0;1;08-23-2021
Bạc Liêu;142;0;0;08-23-2021
Sơn La;132;0;0;08-23-2021
Thái Bình;119;0;0;08-23-2021
Ninh Bình;113;0;0;08-23-2021
Quảng Ninh;107;0;0;08-23-2021
Quảng Bình;106;0;0;08-23-2021
Lào Cai;96;0;0;08-23-2021
Cà Mau;96;0;1;08-23-2021
Quảng Trị;87;0;1;08-23-2021
Hà Nam;76;0;0;08-23-2021
Điện Biên;62;0;0;08-23-2021
Nam Định;57;0;1;08-23-2021
Hải Phòng;53;0;0;08-23-2021
Hoà Bình;45;0;0;08-23-2021
Hà Giang;24;0;0;08-23-2021
Thái Nguyên;21;0;0;08-23-2021
Kon Tum;21;0;0;08-23-2021
Phú Thọ;19;0;0;08-23-2021
Yên Bái;7;0;0;08-23-2021
Bắc Kạn;7;0;0;08-23-2021
Lai Châu;2;0;0;08-23-2021
Tuyên Quang;2;0;0;08-23-2021
Cao Bằng;0;0;0;08-23-2021
Hồ Chí Minh;180245;0;7010;08-24-2021
Bình Dương;73425;0;604;08-24-2021
Đồng Nai;18311;0;140;08-24-2021
Long An;18193;0;225;08-24-2021
Tiền Giang;7743;0;182;08-24-2021
Bắc Giang;5866;0;13;08-24-2021
Khánh Hòa;5749;0;35;08-24-2021
Đồng Tháp;5552;0;118;08-24-2021
Tây Ninh;4320;0;8;08-24-2021
Đà Nẵng;3757;0;52;08-24-2021
Cần Thơ;3598;0;62;08-24-2021
Bà Rịa - Vũng Tàu;3158;0;27;08-24-2021
Hà Nội;3153;0;36;08-24-2021
Phú Yên;2490;0;0;08-24-2021
Vĩnh Long;1984;0;29;08-24-2021
Bắc Ninh;1851;0;15;08-24-2021
Bình Thuận;1772;0;16;08-24-2021
Bến Tre;1590;0;36;08-24-2021
An Giang;1443;0;1;08-24-2021
Trà Vinh;1165;0;8;08-24-2021
Kiên Giang;960;0;6;08-24-2021
Nghệ An;944;0;1;08-24-2021
Hải Dương;932;0;1;08-24-2021
Sóc Trăng;809;0;12;08-24-2021
Đắk Lắk;694;0;2;08-24-2021
Ninh Thuận;679;0;3;08-24-2021
Bình Định;588;0;5;08-24-2021
Quảng Nam;561;0;5;08-24-2021
Quảng Ngãi;549;0;0;08-24-2021
Gia Lai;469;0;0;08-24-2021
Thừa Thiên Huế;439;0;2;08-24-2021
Hậu Giang;400;0;2;08-24-2021
Hà Tĩnh;396;0;3;08-24-2021
Bình Phước;358;0;1;08-24-2021
Hưng Yên;331;0;1;08-24-2021
Vĩnh Phúc;255;0;1;08-24-2021
Đắk Nông;253;0;0;08-24-2021
Lâm Đồng;221;0;0;08-24-2021
Thanh Hóa;213;0;0;08-24-2021
Lạng Sơn;174;0;1;08-24-2021
Sơn La;153;0;0;08-24-2021
Bạc Liêu;147;0;0;08-24-2021
Thái Bình;119;0;0;08-24-2021
Ninh Bình;119;0;0;08-24-2021
Quảng Bình;112;0;0;08-24-2021
Quảng Ninh;107;0;0;08-24-2021
Cà Mau;97;0;1;08-24-2021
Lào Cai;96;0;0;08-24-2021
Quảng Trị;87;0;1;08-24-2021
Hà Nam;77;0;0;08-24-2021
Điện Biên;62;0;0;08-24-2021
Nam Định;57;0;1;08-24-2021
Hải Phòng;53;0;0;08-24-2021
Hoà Bình;45;0;0;08-24-2021
Phú Thọ;28;0;0;08-24-2021
Hà Giang;24;0;0;08-24-2021
Kon Tum;21;0;0;08-24-2021
Thái Nguyên;21;0;0;08-24-2021
Bắc Kạn;7;0;0;08-24-2021
Yên Bái;7;0;0;08-24-2021
Lai Châu;2;0;0;08-24-2021
Tuyên Quang;2;0;0;08-24-2021
Cao Bằng;0;0;0;08-24-2021
Hồ Chí Minh;184879;0;7302;08-25-2021
Bình Dương;77053;0;639;08-25-2021
Đồng Nai;19110;0;144;08-25-2021
Long An;18588;0;225;08-25-2021
Tiền Giang;7836;0;185;08-25-2021
Khánh Hòa;5953;0;35;08-25-2021
Bắc Giang;5869;0;13;08-25-2021
Đồng Tháp;5714;0;121;08-25-2021
Tây Ninh;4425;0;8;08-25-2021
Đà Nẵng;3910;0;52;08-25-2021
Cần Thơ;3670;0;62;08-25-2021
Bà Rịa - Vũng Tàu;3222;0;29;08-25-2021
Hà Nội;3219;0;36;08-25-2021
Phú Yên;2514;0;0;08-25-2021
Vĩnh Long;1950;0;29;08-25-2021
Bắc Ninh;1854;0;15;08-25-2021
Bình Thuận;1828;0;17;08-25-2021
Bến Tre;1602;0;37;08-25-2021
An Giang;1485;0;2;08-25-2021
Trà Vinh;1171;0;8;08-25-2021
Kiên Giang;1021;0;6;08-25-2021
Nghệ An;972;0;1;08-25-2021
Hải Dương;932;0;1;08-25-2021
Sóc Trăng;851;0;14;08-25-2021
Đắk Lắk;715;0;2;08-25-2021
Ninh Thuận;683;0;4;08-25-2021
Bình Định;593;0;6;08-25-2021
Quảng Nam;572;0;6;08-25-2021
Quảng Ngãi;550;0;0;08-25-2021
Gia Lai;472;0;0;08-25-2021
Thừa Thiên Huế;452;0;3;08-25-2021
Hậu Giang;409;0;2;08-25-2021
Hà Tĩnh;406;0;3;08-25-2021
Bình Phước;378;0;1;08-25-2021
Hưng Yên;331;0;1;08-25-2021
Vĩnh Phúc;255;0;1;08-25-2021
Đắk Nông;253;0;0;08-25-2021
Lâm Đồng;226;0;0;08-25-2021
Thanh Hóa;218;0;0;08-25-2021
Lạng Sơn;181;0;1;08-25-2021
Sơn La;162;0;0;08-25-2021
Bạc Liêu;154;0;0;08-25-2021
Ninh Bình;119;0;0;08-25-2021
Thái Bình;119;0;0;08-25-2021
Quảng Bình;114;0;0;08-25-2021
Quảng Ninh;107;0;0;08-25-2021
Cà Mau;98;0;1;08-25-2021
Quảng Trị;96;0;1;08-25-2021
Lào Cai;96;0;0;08-25-2021
Hà Nam;78;0;0;08-25-2021
Điện Biên;62;0;0;08-25-2021
Nam Định;57;0;1;08-25-2021
Hải Phòng;57;0;0;08-25-2021
Hoà Bình;45;0;0;08-25-2021
Phú Thọ;29;0;0;08-25-2021
Hà Giang;24;0;0;08-25-2021
Thái Nguyên;21;0;0;08-25-2021
Kon Tum;21;0;0;08-25-2021
Bắc Kạn;7;0;0;08-25-2021
Yên Bái;7;0;0;08-25-2021
Lai Châu;2;0;0;08-25-2021
Tuyên Quang;2;0;0;08-25-2021
Cao Bằng;0;0;0;08-25-2021
Hồ Chí Minh;190174;0;7568;08-26-2021
Bình Dương;81182;0;670;08-26-2021
Đồng Nai;19728;0;157;08-26-2021
Long An;19048;0;241;08-26-2021
Tiền Giang;8155;0;186;08-26-2021
Khánh Hòa;6103;0;36;08-26-2021
Bắc Giang;5869;0;13;08-26-2021
Đồng Tháp;5807;0;121;08-26-2021
Tây Ninh;4544;0;8;08-26-2021
Đà Nẵng;4072;0;55;08-26-2021
Cần Thơ;3760;0;62;08-26-2021
Hà Nội;3315;0;37;08-26-2021
Bà Rịa - Vũng Tàu;3297;0;29;08-26-2021
Phú Yên;2541;0;0;08-26-2021
Vĩnh Long;2000;0;29;08-26-2021
Bình Thuận;1934;0;17;08-26-2021
Bắc Ninh;1857;0;15;08-26-2021
Bến Tre;1602;0;38;08-26-2021
An Giang;1535;0;2;08-26-2021
Trà Vinh;1195;0;8;08-26-2021
Nghệ An;1067;0;1;08-26-2021
Kiên Giang;1044;0;6;08-26-2021
Hải Dương;932;0;1;08-26-2021
Sóc Trăng;855;0;14;08-26-2021
Đắk Lắk;755;0;2;08-26-2021
Ninh Thuận;689;0;4;08-26-2021
Bình Định;611;0;6;08-26-2021
Quảng Nam;581;0;6;08-26-2021
Quảng Ngãi;552;0;0;08-26-2021
Gia Lai;472;0;0;08-26-2021
Thừa Thiên Huế;452;0;4;08-26-2021
Hà Tĩnh;421;0;3;08-26-2021
Hậu Giang;413;0;2;08-26-2021
Bình Phước;385;0;2;08-26-2021
Hưng Yên;331;0;1;08-26-2021
Đắk Nông;258;0;0;08-26-2021
Vĩnh Phúc;255;0;1;08-26-2021
Lâm Đồng;226;0;0;08-26-2021
Thanh Hóa;221;0;0;08-26-2021
Lạng Sơn;181;0;1;08-26-2021
Sơn La;166;0;0;08-26-2021
Bạc Liêu;161;0;0;08-26-2021
Cà Mau;126;0;1;08-26-2021
Thái Bình;121;0;0;08-26-2021
Ninh Bình;119;0;0;08-26-2021
Quảng Bình;115;0;0;08-26-2021
Quảng Ninh;107;0;0;08-26-2021
Quảng Trị;96;0;1;08-26-2021
Lào Cai;96;0;0;08-26-2021
Hà Nam;78;0;0;08-26-2021
Điện Biên;62;0;0;08-26-2021
Nam Định;57;0;1;08-26-2021
Hải Phòng;57;0;0;08-26-2021
Hoà Bình;45;0;0;08-26-2021
Phú Thọ;31;0;0;08-26-2021
Hà Giang;24;0;0;08-26-2021
Kon Tum;21;0;0;08-26-2021
Thái Nguyên;21;0;0;08-26-2021
Yên Bái;7;0;0;08-26-2021
Bắc Kạn;7;0;0;08-26-2021
Tuyên Quang;2;0;0;08-26-2021
Lai Châu;2;0;0;08-26-2021
Cao Bằng;0;0;0;08-26-2021
Hồ Chí Minh;194108;0;7810;08-27-2021
Bình Dương;86050;0;716;08-27-2021
Đồng Nai;20471;0;157;08-27-2021
Long An;19497;0;244;08-27-2021
Tiền Giang;8509;0;195;08-27-2021
Khánh Hòa;6234;0;39;08-27-2021
Đồng Tháp;5923;0;124;08-27-2021
Bắc Giang;5872;0;13;08-27-2021
Tây Ninh;4586;0;8;08-27-2021
Đà Nẵng;4216;0;55;08-27-2021
Cần Thơ;3832;0;62;08-27-2021
Hà Nội;3366;0;38;08-27-2021
Bà Rịa - Vũng Tàu;3341;0;29;08-27-2021
Phú Yên;2565;0;0;08-27-2021
Vĩnh Long;2012;0;32;08-27-2021
Bình Thuận;1982;0;19;08-27-2021
Bắc Ninh;1857;0;15;08-27-2021
An Giang;1669;0;2;08-27-2021
Bến Tre;1657;0;39;08-27-2021
Trà Vinh;1215;0;9;08-27-2021
Kiên Giang;1156;0;7;08-27-2021
Nghệ An;1110;0;1;08-27-2021
Hải Dương;932;0;1;08-27-2021
Sóc Trăng;864;0;16;08-27-2021
Đắk Lắk;765;0;2;08-27-2021
Ninh Thuận;694;0;4;08-27-2021
Bình Định;626;0;6;08-27-2021
Quảng Nam;589;0;6;08-27-2021
Quảng Ngãi;559;0;0;08-27-2021
Gia Lai;480;0;0;08-27-2021
Thừa Thiên Huế;476;0;5;08-27-2021
Hà Tĩnh;430;0;3;08-27-2021
Hậu Giang;413;0;2;08-27-2021
Bình Phước;398;0;2;08-27-2021
Hưng Yên;334;0;1;08-27-2021
Đắk Nông;266;0;0;08-27-2021
Vĩnh Phúc;255;0;1;08-27-2021
Thanh Hóa;230;0;0;08-27-2021
Lâm Đồng;227;0;0;08-27-2021
Lạng Sơn;187;0;1;08-27-2021
Sơn La;176;0;0;08-27-2021
Bạc Liêu;165;0;0;08-27-2021
Quảng Bình;138;0;0;08-27-2021
Cà Mau;127;0;1;08-27-2021
Thái Bình;121;0;0;08-27-2021
Ninh Bình;119;0;0;08-27-2021
Quảng Ninh;107;0;0;08-27-2021
Quảng Trị;98;0;1;08-27-2021
Lào Cai;96;0;0;08-27-2021
Hà Nam;79;0;0;08-27-2021
Điện Biên;62;0;0;08-27-2021
Nam Định;57;0;1;08-27-2021
Hải Phòng;57;0;0;08-27-2021
Hoà Bình;45;0;0;08-27-2021
Phú Thọ;31;0;0;08-27-2021
Hà Giang;24;0;0;08-27-2021
Thái Nguyên;21;0;0;08-27-2021
Kon Tum;21;0;0;08-27-2021
Yên Bái;7;0;0;08-27-2021
Bắc Kạn;7;0;0;08-27-2021
Lai Châu;2;0;0;08-27-2021
Tuyên Quang;2;0;0;08-27-2021
Cao Bằng;0;0;0;08-27-2021
Hồ Chí Minh;199492;0;8097;08-28-2021
Bình Dương;94745;0;750;08-28-2021
Đồng Nai;21467;0;170;08-28-2021
Long An;19951;0;251;08-28-2021
Tiền Giang;8821;0;195;08-28-2021
Khánh Hòa;6365;0;49;08-28-2021
Đồng Tháp;6045;0;124;08-28-2021
Bắc Giang;5874;0;13;08-28-2021
Tây Ninh;4718;0;8;08-28-2021
Đà Nẵng;4418;0;57;08-28-2021
Cần Thơ;3904;0;62;08-28-2021
Hà Nội;3443;0;38;08-28-2021
Bà Rịa - Vũng Tàu;3400;0;29;08-28-2021
Phú Yên;2586;0;30;08-28-2021
Bình Thuận;2069;0;19;08-28-2021
Vĩnh Long;2026;0;32;08-28-2021
Bắc Ninh;1859;0;15;08-28-2021
An Giang;1760;0;2;08-28-2021
Bến Tre;1688;0;40;08-28-2021
Trà Vinh;1234;0;9;08-28-2021
Kiên Giang;1184;0;7;08-28-2021
Nghệ An;1167;0;1;08-28-2021
Hải Dương;949;0;1;08-28-2021
Sóc Trăng;872;0;17;08-28-2021
Đắk Lắk;828;0;2;08-28-2021
Ninh Thuận;700;0;4;08-28-2021
Bình Định;655;0;6;08-28-2021
Quảng Nam;594;0;6;08-28-2021
Quảng Ngãi;568;0;0;08-28-2021
Thừa Thiên Huế;546;0;5;08-28-2021
Gia Lai;484;0;0;08-28-2021
Hà Tĩnh;436;0;3;08-28-2021
Hậu Giang;428;0;2;08-28-2021
Bình Phước;415;0;2;08-28-2021
Hưng Yên;334;0;1;08-28-2021
Đắk Nông;266;0;0;08-28-2021
Quảng Bình;263;0;0;08-28-2021
Thanh Hóa;258;0;1;08-28-2021
Vĩnh Phúc;255;0;1;08-28-2021
Lâm Đồng;227;0;0;08-28-2021
Lạng Sơn;187;0;1;08-28-2021
Sơn La;179;0;0;08-28-2021
Bạc Liêu;168;0;0;08-28-2021
Cà Mau;135;0;1;08-28-2021
Ninh Bình;124;0;0;08-28-2021
Thái Bình;121;0;0;08-28-2021
Quảng Trị;111;0;1;08-28-2021
Quảng Ninh;107;0;0;08-28-2021
Lào Cai;96;0;0;08-28-2021
Hà Nam;83;0;0;08-28-2021
Điện Biên;62;0;0;08-28-2021
Hải Phòng;59;0;0;08-28-2021
Nam Định;57;0;1;08-28-2021
Hoà Bình;45;0;0;08-28-2021
Phú Thọ;31;0;0;08-28-2021
Hà Giang;24;0;0;08-28-2021
Thái Nguyên;21;0;0;08-28-2021
Kon Tum;21;0;0;08-28-2021
Bắc Kạn;7;0;0;08-28-2021
Yên Bái;7;0;0;08-28-2021
Lai Châu;2;0;0;08-28-2021
Tuyên Quang;2;0;0;08-28-2021
Cao Bằng;0;0;0;08-28-2021
Hồ Chí Minh;204973;0;8368;08-29-2021
Bình Dương;98794;0;788;08-29-2021
Đồng Nai;22264;0;186;08-29-2021
Long An;20402;0;255;08-29-2021
Tiền Giang;9062;0;210;08-29-2021
Khánh Hòa;6457;0;51;08-29-2021
Đồng Tháp;6188;0;126;08-29-2021
Bắc Giang;5875;0;13;08-29-2021
Tây Ninh;4718;0;8;08-29-2021
Đà Nẵng;4527;0;58;08-29-2021
Cần Thơ;3941;0;62;08-29-2021
Hà Nội;3504;0;38;08-29-2021
Bà Rịa - Vũng Tàu;3435;0;29;08-29-2021
Phú Yên;2602;0;30;08-29-2021
Bình Thuận;2118;0;19;08-29-2021
Vĩnh Long;2032;0;32;08-29-2021
Bắc Ninh;1861;0;15;08-29-2021
An Giang;1780;0;2;08-29-2021
Bến Tre;1713;0;41;08-29-2021
Kiên Giang;1261;0;7;08-29-2021
Nghệ An;1237;0;2;08-29-2021
Trà Vinh;1234;0;9;08-29-2021
Hải Dương;949;0;1;08-29-2021
Sóc Trăng;888;0;17;08-29-2021
Đắk Lắk;888;0;2;08-29-2021
Ninh Thuận;706;0;4;08-29-2021
Bình Định;666;0;6;08-29-2021
Quảng Nam;594;0;6;08-29-2021
Quảng Ngãi;583;0;0;08-29-2021
Thừa Thiên Huế;570;0;6;08-29-2021
Gia Lai;486;0;0;08-29-2021
Hà Tĩnh;442;0;3;08-29-2021
Hậu Giang;439;0;2;08-29-2021
Bình Phước;415;0;2;08-29-2021
Quảng Bình;353;0;0;08-29-2021
Hưng Yên;334;0;1;08-29-2021
Thanh Hóa;280;0;1;08-29-2021
Đắk Nông;274;0;0;08-29-2021
Vĩnh Phúc;255;0;1;08-29-2021
Lâm Đồng;231;0;0;08-29-2021
Lạng Sơn;190;0;1;08-29-2021
Bạc Liêu;181;0;0;08-29-2021
Sơn La;179;0;0;08-29-2021
Cà Mau;140;0;1;08-29-2021
Ninh Bình;124;0;0;08-29-2021
Thái Bình;121;0;0;08-29-2021
Quảng Trị;111;0;1;08-29-2021
Quảng Ninh;107;0;0;08-29-2021
Lào Cai;96;0;0;08-29-2021
Hà Nam;83;0;0;08-29-2021
Điện Biên;62;0;0;08-29-2021
Hải Phòng;59;0;0;08-29-2021
Nam Định;57;0;1;08-29-2021
Hoà Bình;45;0;0;08-29-2021
Phú Thọ;31;0;0;08-29-2021
Hà Giang;24;0;0;08-29-2021
Thái Nguyên;21;0;0;08-29-2021
Kon Tum;21;0;0;08-29-2021
Yên Bái;7;0;0;08-29-2021
Bắc Kạn;7;0;0;08-29-2021
Lai Châu;2;0;0;08-29-2021
Tuyên Quang;2;0;0;08-29-2021
Cao Bằng;0;0;0;08-29-2021